{"_watchlist_4h": 1781740292.5524597, "_watchlist_1h": 1781748002.0181491, "_watchlist_30m": 1781749089.08901}